"Species","Mean_Sepal.Length","SD_Sepal.Length"
"setosa",5.006,0.352489687213451
"versicolor",5.936,0.516171147063863
"virginica",6.588,0.635879593274432
